"time","latitude","longitude","depth","mag","magType","nst","gap","dmin","rms","net","id","updated","place","type","horizontalError","depthError","magError","magNst","status","locationSource","magSource"
"2019-10-14T23:55:55.813Z","6.8472","124.9315","14.36","4.7","mb",,67,679,"0.81","us","us70005u82","2019-10-15T00:23:44.523Z","2km ESE of Bagontapay, Philippines","earthquake",7,"5.2",103,29,"reviewed","us","us"
"2019-10-14T23:39:54.564Z","60.9375","-150.7865",35,"2.9","ml",,,,"0.64","ak","ak019d7161qi","2019-10-14T23:50:18.547Z","38km NE of Nikiski, Alaska","earthquake",,"3.6",,,"automatic","ak","ak"
"2019-10-14T23:18:45.179Z","-6.2801","130.1894","154.05","4.5","mb",,90,2018,"1.23","us","us70005u7u","2019-10-14T23:42:41.040Z","222km NW of Saumlaki, Indonesia","earthquake","5.3","9.3",135,16,"reviewed","us","us"
"2019-10-14T23:14:54.947Z","44.5751","146.7004","127.52","5.3","mww",,50,2981,"1.04","us","us70005u7t","2019-10-14T23:33:26.040Z","86km N of Shikotan, Russia","earthquake","7.5",4,73,18,"reviewed","us","us"
"2019-10-14T22:56:49.720Z","19.0365","-67.1618",110,"3.09","md",9,221,"0.8014","0.31","pr","pr2019287023","2019-10-15T00:30:54.344Z","60km N of San Antonio, Puerto Rico","earthquake","3.29","4.2","0.22",9,"reviewed","pr","pr"
"2019-10-14T22:36:20.100Z","19.1738","-67.2381",10,"3.19","md",10,234,"0.8253","0.33","pr","pr2019287020","2019-10-15T00:30:11.992Z","76km N of San Antonio, Puerto Rico","earthquake","1.48","31.61","0.22",9,"reviewed","pr","pr"
"2019-10-14T22:23:52.684Z","-4.5312","101.1508",10,"5.9","mww",,39,1807,"0.71","us","us70005u76","2019-10-15T00:32:51.087Z","147km WSW of Bengkulu, Indonesia","earthquake","6.7","1.8",71,19,"reviewed","us","us"
"2019-10-14T22:00:10.537Z","-21.3263","-173.9835",10,"5.2","mb",,66,4418,"0.96","us","us70005u77","2019-10-14T22:48:48.040Z","100km E of `Ohonua, Tonga","earthquake","10.9","1.8",41,199,"reviewed","us","us"
"2019-10-14T21:33:20.785Z","-55.8242","-27.1124",10,"5.6","mb",,68,5606,"0.81","us","us70005u6q","2019-10-14T23:35:03.861Z","97km N of Visokoi Island, South Georgia and the South Sandwich Islands","earthquake","10.7","1.9",56,113,"reviewed","us","us"
"2019-10-14T21:26:31.539Z","-8.9799",128547,10,"4.4","mb",,57,2896,"1.2","us","us70005u6h","2019-10-14T22:58:32.040Z","Timor Sea","earthquake","6.4","1.6","0.19",8,"reviewed","us","us"
"2019-10-14T21:26:28.410Z","19.4221","-65.1461",44,"3.44","md",7,309,"1.6549","0.24","pr","pr2019287017","2019-10-15T00:56:44.825Z","121km N of Charlotte Amalie, U.S. Virgin Islands","earthquake","2.85","16.09","0.17",6,"reviewed","pr","pr"
"2019-10-14T21:07:13.143Z","-6.0186","146.9634","108.33",5,"mb",,44,3369,"0.73","us","us70005u63","2019-10-14T21:24:30.040Z","77km N of Lae, Papua New Guinea","earthquake","7.8","7.3","0.1",32,"reviewed","us","us"
"2019-10-14T20:42:44.581Z","38.9029","14.7782","279.76","4.3","mb",,58,1084,"1.03","us","us70005u5s","2019-10-14T21:02:08.040Z","50km NNW of Lipari, Italy","earthquake","7.8","7.9",137,15,"reviewed","us","us"
"2019-10-14T19:28:19.400Z","10.4741","-62.3754","103.42","4.9","mb",,137,1793,"0.73","us","us70005u58","2019-10-14T20:12:58.699Z","13km SW of Guiria, Venezuela","earthquake","9.1","9.4",104,29,"reviewed","us","us"
"2019-10-14T19:09:37.691Z","0.8868","97.0661",10,"4.3","mb",,138,656,"1.07","us","us70005u54","2019-10-14T19:30:59.040Z","192km SSE of Sinabang, Indonesia","earthquake","7.5","1.9",138,15,"reviewed","us","us"
"2019-10-14T18:11:04.622Z","52.4697","172.3706",10,"4.5","mb",,228,1088,"0.61","us","us70005u4y","2019-10-14T19:46:38.040Z","69km SW of Attu Station, Alaska","earthquake","13.3",2,95,32,"reviewed","us","us"
"2019-10-14T15:00:52.023Z","61.4142","-150.0056",20,"2.8","ml",,,,"0.84","ak","ak019d6w67ux","2019-10-14T15:06:53.566Z","12km SSW of Big Lake, Alaska","earthquake",,"0.3",,,"automatic","ak","ak"
"2019-10-14T14:39:21.931Z","56.3883","-149.9303","3.5","3.2","ml",,,,"0.85","ak","ak019d6vt2jd","2019-10-14T21:14:59.928Z","216km SE of Kodiak, Alaska","earthquake",,"2.1",,,"reviewed","ak","ak"
"2019-10-14T14:31:36.550Z",19052,-67143,67,"2.73","md",14,217,"0.7474","0.45","pr","pr2019287014","2019-10-14T16:29:21.520Z","62km NNW of Isabela, Puerto Rico","earthquake","2.35","5.53","0.38",13,"reviewed","pr","pr"
"2019-10-14T14:09:26.716Z","34.6287","137.0435","336.4","4.3","mb",,69,719,"0.43","us","us70005u37","2019-10-14T15:03:49.040Z","12km SE of Toyohama, Japan","earthquake","8.5","4.4",77,48,"reviewed","us","us"
"2019-10-14T13:15:02.954Z","68.8419","-146.2196",0,"2.6","ml",,,,"0.96","ak","ak019d6v2gjs","2019-10-14T13:20:33.255Z","84km NNW of Arctic Village, Alaska","earthquake",,"0.5",,,"automatic","ak","ak"
"2019-10-14T12:13:52.054Z","56.1724","-153.0656","6.3",4,"ml",,,,"0.63","ak","ak019d6ugt71","2019-10-14T19:34:19.429Z","162km SSE of Larsen Bay, Alaska","earthquake",,"1.6",,,"reviewed","ak","ak"
"2019-10-14T11:51:43.220Z","19.1375","-67.2616",28,"2.77","md",8,297,"0.7838","0.21","pr","pr2019287011","2019-10-14T12:29:06.226Z","73km NNW of San Antonio, Puerto Rico","earthquake","1.49","13.93","0.32",6,"reviewed","pr","pr"
"2019-10-14T11:37:16.160Z","39.2455","-111.4651667","-1.17","2.74","ml",26,61,"0.09357","0.17","uu","uu60345307","2019-10-14T23:04:56.343Z","15km E of Manti, Utah","earthquake","0.33","0.95",144,20,"reviewed","uu","uu"
"2019-10-14T11:28:40.540Z",19298,"-64.5253",69,"3.11","md",7,342,"1.9695","0.2","pr","pr2019287013","2019-10-14T16:29:04.700Z","98km N of Road Town, British Virgin Islands","earthquake","5.18","14.32","0.32",4,"reviewed","pr","pr"
"2019-10-14T10:01:05.703Z",53268,"-171.6859",26,"3.6","ml",,,,"0.66","ak","ak019d6t75wn","2019-10-14T19:29:27.477Z","91km NNW of Amukta Island, Alaska","earthquake",,"1.5",,,"reviewed","ak","ak"
"2019-10-14T09:00:16.690Z","18.1166","-67.4811",19,"2.63","md",11,251,"0.2678","0.38","pr","pr2019287009","2019-10-14T09:14:05.522Z","31km W of Puerto Real, Puerto Rico","earthquake","1.84","2.33","0.54",11,"reviewed","pr","pr"
"2019-10-14T08:04:19.140Z","19.2676","-67.3228",16,"3.05","md",8,305,"0.8969","0.28","pr","pr2019287010","2019-10-14T12:13:02.401Z","89km NNW of San Antonio, Puerto Rico","earthquake","8.23","16.87","0.24",7,"reviewed","pr","pr"
"2019-10-14T07:49:07.344Z",36563,"70.8372","205.94","4.5","mb",,79,1168,"0.43","us","us70005u1l","2019-10-14T08:12:59.040Z","33km S of Jarm, Afghanistan","earthquake","6.4","9.4",156,12,"reviewed","us","us"
"2019-10-14T06:51:17.620Z","39.6591682","-121.8931656","31.88","2.74","md",14,128,"0.2162","0.06","nc","nc73291455","2019-10-14T16:51:35.179Z","8km W of Durham, CA","earthquake","0.51","1.85","0.18",14,"automatic","nc","nc"
"2019-10-14T06:18:06.080Z","19.2388",-67242,32,"3.19","md",13,294,"0.8867","0.33","pr","pr2019287007","2019-10-14T09:28:27.040Z","86km N of San Antonio, Puerto Rico","earthquake","1.95","14.78","0.25",13,"reviewed","pr","pr"
"2019-10-14T05:35:32.460Z","18.7631",-67441,15,"2.55","md",10,287,"0.3806","0.31","pr","pr2019287006","2019-10-14T06:52:04.156Z","46km NW of San Antonio, Puerto Rico","earthquake","2.85","4.31","0.34",10,"reviewed","pr","pr"
"2019-10-14T05:28:32.249Z","-25.4707","179.3451","520.86","4.5","mb",,75,4473,"0.95","us","us70005u0n","2019-10-14T05:49:28.040Z","South of the Fiji Islands","earthquake","12.2","7.9",69,62,"reviewed","us","us"
"2019-10-14T05:07:22.670Z","19.0993","-67.1461",43,"3.39","md",18,283,"0.7886","0.29","pr","pr2019287005","2019-10-14T06:19:31.040Z","69km N of Isabela, Puerto Rico","earthquake","1.77","6.27","0.28",12,"reviewed","pr","pr"
"2019-10-14T04:57:27.140Z","35.5593333","-117.3346667","2.19","2.88","ml",36,68,"0.04207","0.17","ci","ci39130896","2019-10-14T05:12:40.720Z","23km S of Trona, CA","earthquake","0.24","0.34",131,25,"automatic","ci","ci"
"2019-10-14T03:55:30.350Z","33.3196667",-116421,"7.21","2.99","ml",125,19,"0.04564","0.2","ci","ci39130776","2019-10-14T16:22:52.416Z","8km NNW of Borrego Springs, CA","earthquake","0.11","0.34",166,124,"reviewed","ci","ci"
"2019-10-14T03:29:20.300Z","55.9881","-156.2515","41.7",4,"ml",,,,"0.5","ak","ak019d6p75v4","2019-10-14T04:00:37.040Z","43km WNW of Chirikof Island, Alaska","earthquake",,"1.4",,,"reviewed","ak","ak"
"2019-10-14T03:20:24.540Z","19.2743","-67.5001",53,"3.11","md",13,307,"0.8901","0.36","pr","pr2019287000","2019-10-14T03:45:51.040Z","83km NNW of San Antonio, Puerto Rico","earthquake","3.32","8.92","0.44",13,"reviewed","pr","pr"
"2019-10-14T01:58:23.230Z","19.1341","-67.0973",52,"2.93","md",10,231,859,"0.55","pr","pr2019287004","2019-10-14T05:52:18.425Z","70km N of Isabela, Puerto Rico","earthquake","4.32","12.74","0.3",10,"reviewed","pr","pr"
"2019-10-14T01:44:13.651Z","-31.9512","179.8611","325.22","4.2","mb",,92,3302,"1.09","us","us70005tzr","2019-10-14T22:32:55.040Z","130km WSW of L'Esperance Rock, New Zealand","earthquake","11.4","8.3",118,20,"reviewed","us","us"
"2019-10-14T01:40:25.330Z","36.4466667","-89.8005","5.82","2.54","md",55,54,"0.05917","0.13","nm","nm60290201","2019-10-14T22:24:02.040Z","9km WNW of Portageville, Missouri","earthquake","0.15","0.61",157,42,"reviewed","nm","nm"
"2019-10-14T01:38:53.590Z","19.1148","-67.1525",32,"2.73","md",8,318,"0.8654","0.37","pr","pr2019287003","2019-10-14T05:52:05.945Z","69km N of Isabela, Puerto Rico","earthquake","2.85","22.04","0.07",7,"reviewed","pr","pr"
"2019-10-14T01:25:28.610Z","37.2593346","-121.5096664","7.97","2.56","md",76,59,"0.09121","0.11","nc","nc73291345","2019-10-14T14:59:48.056Z","19km NE of Morgan Hill, CA","earthquake","0.17","0.48","0.12",86,"automatic","nc","nc"
"2019-10-14T01:11:29.135Z","36.5254","70.6014","203.47",5,"mww",,26,1312,"0.83","us","us70005tzl","2019-10-14T22:20:13.040Z","43km SSW of Jarm, Afghanistan","earthquake","6.3","4.7",68,21,"reviewed","us","us"
"2019-10-14T00:58:01.450Z","19.1533","-67.1376",23,"2.76","md",4,320,"0.8932","0.13","pr","pr2019287001","2019-10-14T05:51:49.330Z","73km N of Isabela, Puerto Rico","earthquake","1.26","13.68","0.09",4,"reviewed","pr","pr"
"2019-10-13T23:32:07.260Z","37.2589989","-121.5106659","7.8","2.87","md",79,61,"0.09137","0.14","nc","nc73291290","2019-10-14T17:28:55.325Z","19km NE of Morgan Hill, CA","earthquake","0.19","0.56","0.13",101,"automatic","nc","nc"
"2019-10-13T22:48:02.857Z","60.8797","-150.7547","35.3","2.5","ml",,,,"0.57","ak","ak019d5d334c","2019-10-13T22:52:26.854Z","35km NE of Nikiski, Alaska","earthquake",,"5.6",,,"automatic","ak","ak"
"2019-10-13T22:16:44.190Z","19.0915","-67.0846",20,"2.94","md",9,314,"0.8149","0.33","pr","pr2019286020","2019-10-13T23:34:50.761Z","65km N of Isabela, Puerto Rico","earthquake","2.57","28.55","0.25",9,"reviewed","pr","pr"
"2019-10-13T21:57:35.736Z","-30.2506",-178011,35,"5.2","mb",,65,1004,"0.99","us","us70005ty8","2019-10-13T22:47:18.040Z","109km S of Raoul Island, New Zealand","earthquake","9.5","1.9","0.04",210,"reviewed","us","us"
"2019-10-13T20:25:58.220Z","19.2101","-67.4185",39,"2.85","md",15,300,"0.8279","0.41","pr","pr2019286017","2019-10-13T20:53:17.040Z","83km NNW of San Antonio, Puerto Rico","earthquake","3.05","13.98","0.41",14,"reviewed","pr","pr"
"2019-10-13T20:02:43.041Z","-20.6104","-178.7873","612.93","4.6","mb",,139,4128,"1.13","us","us70005tx5","2019-10-13T20:20:22.040Z","10km WNW of Ndoi Island, Fiji","earthquake","11.4","10.6",85,41,"reviewed","us","us"
"2019-10-13T20:01:19.960Z","18.7605",-65171,26,"3.11","md",11,333,"1.0181","0.27","pr","pr2019286019","2019-10-13T23:34:41.361Z","52km NNW of Charlotte Amalie, U.S. Virgin Islands","earthquake","3.17","18.8","0.41",9,"reviewed","pr","pr"
"2019-10-13T19:46:50.319Z","-26.3866","179.7654","498.82","4.4","mb",,156,3503,"0.93","us","us70005txc","2019-10-13T21:03:14.040Z","South of the Fiji Islands","earthquake",19,"16.6",115,22,"reviewed","us","us"
"2019-10-13T19:35:16.431Z","-0.1762","124.81","74.63",5,"mww",,50,2212,"1.2","us","us70005twu","2019-10-13T19:48:44.040Z","106km SSE of Lolayan, Indonesia","earthquake","7.4","7.8",73,18,"reviewed","us","us"
"2019-10-13T19:12:12.210Z","19.1323","-67.1931",29,"3.09","md",5,335,"0.9","0.46","pr","pr2019286018","2019-10-13T23:34:30.794Z","71km N of San Antonio, Puerto Rico","earthquake","5.04","34.48","0.08",2,"reviewed","pr","pr"
"2019-10-13T18:38:32.851Z","58.8958",-152391,"30.6",3,"ml",,,,"0.62","ak","ak019d5an9v1","2019-10-13T20:59:39.341Z","96km SSW of Homer, Alaska","earthquake",,"0.6",,,"automatic","ak","ak"
"2019-10-13T17:41:19.613Z","32.9556","73.56",10,"3.3","mb",,184,734,"1.18","us","us70005twq","2019-10-14T22:06:41.767Z","15km W of Jhelum, Pakistan","earthquake","8.1",2,344,2,"reviewed","us","us"
"2019-10-13T17:36:37.660Z","39.2441667","-111.4696667","2.8","2.58","ml",33,45,"0.09256","0.18","uu","uu60345237","2019-10-14T13:15:58.701Z","16km ESE of Manti, Utah","earthquake","0.31","1.04",105,15,"reviewed","uu","uu"
"2019-10-13T15:48:38.890Z","35.6061667",-117412,"4.51","3.07","ml",48,27,"0.04538","0.12","ci","ci39129768","2019-10-14T16:37:49.456Z","18km S of Trona, CA","earthquake","0.11","0.25",134,120,"reviewed","ci","ci"
"2019-10-13T14:29:41.230Z","19.1908","-67.1766",35,"3.14","md",11,234,"0.8612","0.49","pr","pr2019286015","2019-10-13T17:38:09.858Z","77km N of San Antonio, Puerto Rico","earthquake","3.13","18.56","0.29",7,"reviewed","pr","pr"
"2019-10-13T13:51:33.870Z",18248,"-68.5295",137,"2.95","md",20,180,"1.0591","0.59","pr","pr2019286011","2019-10-13T14:30:06.660Z","16km SSE of Boca de Yuma, Dominican Republic","earthquake","3.43","1.8","0.38",15,"reviewed","pr","pr"
"2019-10-13T12:36:26.662Z","52.3157","-170.2197",35,4,"mb",,191,545,"1.53","us","us70005tvl","2019-10-13T22:42:03.447Z","47km SE of Yunaska Island, Alaska","earthquake",9,2,73,51,"reviewed","us","us"
"2019-10-13T12:35:56.060Z","18.9961","-67.1141",47,"2.78","md",14,214,"0.7123","0.56","pr","pr2019286014","2019-10-13T17:35:47.930Z","55km N of Isabela, Puerto Rico","earthquake","3.25","9.09","0.3",13,"reviewed","pr","pr"
"2019-10-13T12:21:07.964Z","-44.8783","35.0514",10,"5.1","mb",,59,11869,"0.92","us","us70005tvg","2019-10-13T12:43:37.040Z","Prince Edward Islands region","earthquake",10,"1.9",86,44,"reviewed","us","us"
"2019-10-13T12:11:57.569Z","52.2924","-169.9256",35,"4.1","mb",,191,532,"1.28","us","us70005tvd","2019-10-13T22:31:50.922Z","64km SE of Yunaska Island, Alaska","earthquake","7.9",2,51,105,"reviewed","us","us"
"2019-10-13T10:10:28.256Z","68.9976","-146.4508",0,"2.8","ml",,,,"1.01","ak","ak019d55pslj","2019-10-13T11:34:37.040Z","100km NNW of Arctic Village, Alaska","earthquake",,"1.2",,,"automatic","ak","ak"
"2019-10-13T09:58:42.447Z","44.5548",148754,"81.93",5,"mb",,102,4441,"0.5","us","us70005tux","2019-10-13T10:17:28.040Z","102km SE of Kuril'sk, Russia","earthquake","3.3","7.6",83,46,"reviewed","us","us"
"2019-10-13T09:26:31.683Z","31.0716","-103.3086","2.05","2.7","ml",,50,152,"0.33","us","us70005tuu","2019-10-13T09:37:25.040Z","42km SSE of Pecos, Texas","earthquake","1.7","6.4",91,46,"reviewed","us","us"
"2019-10-13T08:24:41.092Z","59.0453","-151.8075","31.2","2.6","ml",,,,"0.59","ak","ak019d54lyfz","2019-10-13T08:54:38.040Z","68km SSW of Homer, Alaska","earthquake",,"0.7",,,"automatic","ak","ak"
"2019-10-13T07:48:26.460Z","19.0048","-67.0738",113,"3.13","md",10,225,"0.7317","0.46","pr","pr2019286010","2019-10-13T13:12:17.800Z","56km N of Isabela, Puerto Rico","earthquake","4.35","4.43","0.32",10,"reviewed","pr","pr"
"2019-10-13T07:24:40.960Z","69.6461","-144.2298",0,"2.7","ml",,,,"0.95","ak","ak019d540iuo","2019-10-13T07:54:24.040Z","58km SSW of Kaktovik, Alaska","earthquake",,1,,,"automatic","ak","ak"
"2019-10-13T07:16:40.840Z","19.0851","-67.1965",83,"3.26","md",9,226,"0.8609","0.48","pr","pr2019286009","2019-10-13T13:11:47.151Z","66km N of San Antonio, Puerto Rico","earthquake","3.97","6.56","0.12",9,"reviewed","pr","pr"
"2019-10-13T07:01:10.150Z","19.2226","-67.23",27,"2.79","md",18,226,"0.8744","0.54","pr","pr2019286008","2019-10-13T08:01:04.040Z","71km N of San Antonio, Puerto Rico","earthquake","2.72","30.73","0.22",17,"reviewed","pr","pr"
"2019-10-13T06:36:30.810Z","19.0638","-67.2983",10,"2.9","md",3,335,"0.9131","0.25","pr","pr2019286007","2019-10-13T07:48:56.314Z","66km NNW of San Antonio, Puerto Rico","earthquake","12.84","18.21","0.31",3,"reviewed","pr","pr"
"2019-10-13T06:32:14.154Z","16.4284","146.3492","35.31","5.1","mb",,49,1298,"1.08","us","us70005tty","2019-10-14T06:42:18.507Z","73km E of Anatahan, Northern Mariana Islands","earthquake","10.8",6,33,300,"reviewed","us","us"
"2019-10-13T06:09:02.441Z","-56.3715",-26275,"15.22","5.5","mb",,33,6193,"0.94","us","us70005ttv","2019-10-14T06:11:06.226Z","67km ENE of Visokoi Island, South Georgia and the South Sandwich Islands","earthquake","10.7","3.5",47,154,"reviewed","us","us"
"2019-10-13T05:14:59.420Z","19.3255","-67.4483",50,"3.13","md",14,305,"0.9415","0.46","pr","pr2019286002","2019-10-13T13:17:31.249Z","101km NNW of San Antonio, Puerto Rico","earthquake","3.75","12.52","0.48",14,"reviewed","pr","pr"
"2019-10-13T05:00:37.447Z","56.2387","-148.5468","11.6","3.1","ml",,,,"0.56","ak","ak019d52ohsc","2019-10-13T21:56:50.636Z","291km SE of Kodiak, Alaska","earthquake",,"9.8",,,"reviewed","ak","ak"
"2019-10-13T04:52:57.570Z","16.2726",-97918,"34.65","4.7","mb",,165,3268,"0.94","us","us70005ttg","2019-10-14T03:44:50.901Z","2km SE of Santa Maria Huazolotitlan, Mexico","earthquake","9.5","7.9",26,454,"reviewed","us","us"
"2019-10-13T03:38:23.464Z","-20.3388","-173.3537",10,"4.8","mb",,106,3463,"1.12","us","us70005tt7","2019-10-13T04:02:47.040Z","120km ESE of Pangai, Tonga","earthquake","12.5","1.9",116,23,"reviewed","us","us"
"2019-10-13T03:12:06.876Z","52.1786","-171.6176",35,"3.5","ml",,202,1235,"0.7","us","us70005ty1","2019-10-14T23:29:21.088Z","42km SW of Amukta Island, Alaska","earthquake","4.1",2,115,10,"reviewed","us","us"
"2019-10-13T03:09:11.989Z","-25.5942","-177.3573",79,"4.5","mb",,140,3671,"0.95","us","us70005tt8","2019-10-13T04:12:55.040Z","South of the Fiji Islands","earthquake","13.5","7.1",94,33,"reviewed","us","us"
"2019-10-13T02:53:15.579Z","12.8657","-89.8332","53.41","4.4","mb",,186,1591,"1.23","us","us70005tt1","2019-10-13T03:12:53.040Z","80km S of Acajutla, El Salvador","earthquake","8.5","3.9",36,225,"reviewed","us","us"
"2019-10-13T02:48:17.100Z","19.1551",-67259,34,"2.81","md",6,321,"1.1584","0.4","pr","pr2019286004","2019-10-13T06:15:29.406Z","75km NNW of San Antonio, Puerto Rico","earthquake","3.91","28.71","0.23",6,"reviewed","pr","pr"
"2019-10-13T02:12:37.840Z",35611,"-117.5896667","5.91","2.55","ml",38,35,"0.02005","0.14","ci","ci39128520","2019-10-13T04:13:45.206Z","8km E of Ridgecrest, CA","earthquake","0.16","0.46",178,25,"automatic","ci","ci"
"2019-10-13T01:55:38.714Z","39.4288","-108.7339","1.35","2.7","ml",,89,"0.8","0.34","us","us70005tst","2019-10-13T15:23:43.901Z","26km NNE of Loma, Colorado","earthquake","2.2","2.4",41,80,"reviewed","us","us"
"2019-10-13T01:29:05.820Z","18.8836","-67.1055",104,"3.11","md",9,220,"0.6418","0.57","pr","pr2019286001","2019-10-13T06:14:56.862Z","43km NNW of Isabela, Puerto Rico","earthquake","5.3","5.33","0.16",8,"reviewed","pr","pr"
"2019-10-13T01:02:41.683Z","37.3122","72.1942","235.47","4.5","mb",,81,477,"0.63","us","us70005tsi","2019-10-13T01:44:55.040Z","33km E of Roshtqal'a, Tajikistan","earthquake","8.4","6.1",181,9,"reviewed","us","us"
"2019-10-13T00:48:31.110Z","32.7465","-115.8276667","7.74","2.57","ml",50,50,"0.0819","0.26","ci","ci39128352","2019-10-14T19:01:33.040Z","16km E of Ocotillo, CA","earthquake","0.24","0.62",189,75,"reviewed","ci","ci"
"2019-10-13T00:41:04.990Z","19.7475","-64.4625",25,"3.24","md",6,321,"2.3288","0.25","pr","pr2019286000","2019-10-13T06:14:41.190Z","148km N of Road Town, British Virgin Islands","earthquake","2.12","22.11","0.43",4,"reviewed","pr","pr"
"2019-10-12T23:17:59.624Z","-15.7581","-69.8312","249.32","4.2","mb",,139,1718,"1.07","us","us70005ts7","2019-10-13T00:07:07.040Z","15km W of Taquile, Peru","earthquake","10.3","8.4",152,12,"reviewed","us","us"
"2019-10-12T22:12:09.120Z","19.1523",-68049,15,"3.06","md",13,329,"0.9562","0.73","pr","pr2019285023","2019-10-12T22:40:05.040Z","95km NE of Punta Cana, Dominican Republic","earthquake","4.8","31.61","0.46",8,"reviewed","pr","pr"
"2019-10-12T21:49:29.355Z",55222,"165.2379",10,"4.4","mb",,121,4457,"0.68","us","us70005trq","2019-10-12T22:15:32.040Z","48km W of Nikol'skoye, Russia","earthquake","6.1","1.9",85,40,"reviewed","us","us"
"2019-10-12T21:41:10.930Z","18.9935","-67.1803",35,"3.02","md",4,331,"0.7747","0.34","pr","pr2019285024","2019-10-12T23:45:51.549Z","56km NNW of Isabela, Puerto Rico","earthquake","3.97","24.39","0.01",2,"reviewed","pr","pr"
"2019-10-12T21:24:18.079Z","60.6098",-148829,"31.2","2.9","ml",,,,"0.87","ak","ak019d3ot6yo","2019-10-12T21:36:48.040Z","19km SSW of Whittier, Alaska","earthquake",,"0.4",,,"automatic","ak","ak"
"2019-10-12T20:57:23.450Z","19.1731","-67.2238",10,"3.07","md",6,321,"0.9506","0.6","pr","pr2019285022","2019-10-12T23:45:37.930Z","76km N of San Antonio, Puerto Rico","earthquake","4.8","31.61","0.13",4,"reviewed","pr","pr"
"2019-10-12T20:40:38.243Z","-6.7804","146.5249",10,"4.9","mb",,104,2682,"0.88","us","us70005tre","2019-10-12T21:16:55.040Z","48km NNW of Bulolo, Papua New Guinea","earthquake","7.8","1.7",86,43,"reviewed","us","us"
"2019-10-12T19:21:02.380Z","19.6595","-64.8798",12,"3.81","md",12,232,"1.9997","0.69","pr","pr2019285021","2019-10-12T22:25:43.040Z","117km N of Road Town, British Virgin Islands","earthquake","5.53","8.47","0.17",8,"reviewed","pr","pr"
"2019-10-12T18:20:28.804Z","-4.8115","28.0962",10,"4.6","mb",,60,4944,"0.75","us","us70005tqh","2019-10-14T15:41:03.040Z","137km ENE of Kongolo, Democratic Republic of the Congo","earthquake","8.3","1.8",75,59,"reviewed","us","us"
"2019-10-12T17:30:59.610Z","2.4579","128.8208","43.43","4.6","mb",,111,2217,"0.64","us","us70005tq9","2019-10-14T15:23:27.049Z","121km NE of Tobelo, Indonesia","earthquake","5.5",9,91,36,"reviewed","us","us"
"2019-10-12T17:21:26.930Z","32.4002","49.6707","37.07","4.9","mb",,63,4262,"0.87","us","us70005tq5","2019-10-14T15:17:44.040Z","61km NNE of Masjed Soleyman, Iran","earthquake","7.9","2.6","0.05",131,"reviewed","us","us"
"2019-10-12T16:42:10.907Z","57.9066","-137.4289","7.2","2.9","ml",,,,"1.47","ak","ak019d3lxvbv","2019-10-12T19:22:06.040Z","114km WSW of Gustavus, Alaska","earthquake",,"0.4",,,"automatic","ak","ak"
"2019-10-12T15:59:50.248Z","57.9169","-137.8294",7,"3.8","ml",,,,"0.76","ak","ak019d3lg5z7","2019-10-12T22:55:12.742Z","108km WSW of Gustavus, Alaska","earthquake",,"0.6",,,"reviewed","ak","ak"
"2019-10-12T15:59:16.760Z","19.0628","-67.2728",10,"2.63","md",11,222,709,"0.82","pr","pr2019285017","2019-10-12T19:40:56.643Z","65km NNW of San Antonio, Puerto Rico","earthquake","3.45","31.61","0.47",9,"reviewed","pr","pr"
"2019-10-12T15:51:07.058Z","5.65","126.5396","87.18","4.5","mb",,157,1703,"0.8","us","us70005tpv","2019-10-12T16:46:30.040Z","88km SSE of Pondaguitan, Philippines","earthquake","10.4","5.3",136,16,"reviewed","us","us"
"2019-10-12T15:05:21.260Z",19804,"-64.6223",87,"3.63","md",9,240,"2.2691","0.52","pr","pr2019285016","2019-10-12T21:02:32.040Z","151km N of Road Town, British Virgin Islands","earthquake","8.95","27.5","0.09",6,"reviewed","pr","pr"
"2019-10-12T14:55:23.032Z","22.0371","110.3027",10,"4.6","mb",,67,3023,"1.31","us","us70005tpj","2019-10-13T15:33:48.968Z","32km S of Wenquan, China","earthquake","7.1","1.9",119,21,"reviewed","us","us"
"2019-10-12T14:33:00.848Z","-3.6329",139759,"55.75","4.9","mb",,116,7531,"1.17","us","us70005tpg","2019-10-12T15:01:33.040Z","143km SW of Abepura, Indonesia","earthquake","9.5","9.7",122,21,"reviewed","us","us"
"2019-10-12T13:55:25.510Z","36.5568333","-89.6485","8.62","3.03","md",47,33,"0.03146","0.19","nm","nm60290066","2019-10-14T17:03:43.126Z","4km SW of Lilbourn, Missouri","earthquake","0.27","0.34",253,40,"reviewed","nm","nm"
"2019-10-12T13:33:55.919Z","-5.0301",130811,"63.44","4.5","mb",,79,"2.54","0.73","us","us70005tp2","2019-10-12T15:06:19.040Z","226km WNW of Tual, Indonesia","earthquake","13.5","9.7",128,18,"reviewed","us","us"
"2019-10-12T11:54:28.140Z","56.2306","-148.6024",10,4,"ml",,235,2676,"0.32","us","us70005tnr","2019-10-12T22:28:09.556Z","289km SE of Kodiak, Alaska","earthquake","4.4",2,46,61,"reviewed","us","us"
"2019-10-12T11:24:04.540Z","19.0476","-67.1418",34,"3.04","md",11,224,744,"0.72","pr","pr2019285013","2019-10-12T15:49:38.170Z","61km NNW of Isabela, Puerto Rico","earthquake","4.15","22.81","0.09",7,"reviewed","pr","pr"
"2019-10-12T10:09:51.564Z","61.3822","-147.0161","4.4","3.2","ml",,,,"0.67","ak","ak019d3i6a7g","2019-10-12T22:15:56.332Z","41km NW of Valdez, Alaska","earthquake",,"0.2",,,"reviewed","ak","ak"
"2019-10-12T09:57:49.750Z","18.1166",-68476,88,"2.8","md",7,213,"1.3708","0.21","pr","pr2019285012","2019-10-12T13:49:36.581Z","32km SSE of Boca de Yuma, Dominican Republic","earthquake","2.44","2.29","0.22",7,"reviewed","pr","pr"
"2019-10-12T09:55:15.725Z","-5.9891","131.4814",35,"4.3","mb",,122,1988,"1.24","us","us70005tnd","2019-10-12T10:48:17.040Z","144km WSW of Tual, Indonesia","earthquake",4,2,148,13,"reviewed","us","us"
"2019-10-12T09:42:08.530Z","18.9208","-67.1558",94,"3.05","md",3,356,"0.7483","0.19","pr","pr2019285011","2019-10-12T13:48:06.357Z","47km N of San Antonio, Puerto Rico","earthquake","13.7","5.73",0,1,"reviewed","pr","pr"
"2019-10-12T09:21:55.010Z","34.6857","140.5692","59.45","5.3","mww",,93,1687,"1.21","us","us70005tn2","2019-10-13T07:36:58.881Z","55km SSE of Katsuura, Japan","earthquake","7.3",6,"0.08",15,"reviewed","us","us"
"2019-10-12T08:58:30.483Z",10124,"-104.2581",10,"4.6","mb",,192,"9.23","0.84","us","us70005tmz","2019-10-12T09:13:39.040Z","Northern East Pacific Rise","earthquake","13.4",2,109,25,"reviewed","us","us"
"2019-10-12T08:09:48.520Z",18998,"-67.1193",7,"3.07","md",3,357,"0.8229","0.2","pr","pr2019285007","2019-10-12T13:45:58.324Z","55km N of Isabela, Puerto Rico","earthquake","14.76","12.95",0,1,"reviewed","pr","pr"
"2019-10-12T06:55:27.810Z",18699,"-67.5153",12,"2.7","md",3,351,677,"0.11","pr","pr2019285005","2019-10-12T07:29:31.148Z","48km NW of Aguadilla, Puerto Rico","earthquake","6.99","10.1","0.16",3,"reviewed","pr","pr"
"2019-10-12T06:49:35.853Z","37.49","20.6223","6.82","4.5","mb",,132,1084,"0.71","us","us70005tm5","2019-10-12T17:28:41.102Z","31km SSW of Mouzaki, Greece","earthquake","7.1","8.9",221,6,"reviewed","us","us"
"2019-10-12T05:42:15.710Z","19.0618","-67.0953",10,"3.1","md",18,219,"0.7786","0.24","pr","pr2019285004","2019-10-12T06:49:46.040Z","64km N of Isabela, Puerto Rico","earthquake","0.83","31.61","0.24",15,"reviewed","pr","pr"
"2019-10-12T04:44:44.963Z","69.6007","-144.3151",0,"2.5","ml",,,,"0.75","ak","ak019d3et64n","2019-10-12T04:58:20.040Z","64km SSW of Kaktovik, Alaska","earthquake",,"0.7",,,"automatic","ak","ak"
"2019-10-12T04:22:44.964Z","49.4802","-116.8684",10,"2.5","ml",,184,1228,"0.57","us","us70005tph","2019-10-14T04:31:44.426Z","30km E of Nelson, Canada","earthquake","5.2",2,97,14,"reviewed","us","us"
"2019-10-12T03:31:41.600Z","19.1881","-67.3428",11,"3.13","md",8,323,1027,"0.26","pr","pr2019285003","2019-10-12T04:35:03.989Z","81km NNW of San Antonio, Puerto Rico","earthquake","10.88","15.54","0.14",8,"reviewed","pr","pr"
"2019-10-12T03:23:55.850Z",19132,-67185,5,"2.77","md",14,221,"0.8033","0.18","pr","pr2019285001","2019-10-12T04:05:27.040Z","75km N of Isabela, Puerto Rico","earthquake","0.88","0.98","0.34",14,"reviewed","pr","pr"
"2019-10-12T03:22:48.062Z","56.2261","-148.7151",10,"3.5","ml",,240,2629,"0.61","us","us70005trp","2019-10-13T00:46:42.096Z","283km SE of Kodiak, Alaska","earthquake","9.6",2,"0.06",36,"reviewed","us","us"
"2019-10-12T02:55:33.100Z",19126,"-66.8306",21,"2.83","md",8,310,"0.7831","0.15","pr","pr2019285002","2019-10-12T04:29:42.821Z","70km N of Hatillo, Puerto Rico","earthquake","0.98","13.23","0.22",8,"reviewed","pr","pr"
"2019-10-12T02:44:20.243Z","56.2224","-148.5898",10,5,"mww",,138,2686,"1.15","us","us70005tle","2019-10-14T02:54:31.622Z","290km SE of Kodiak, Alaska","earthquake","7.7","1.9","0.05",39,"reviewed","us","us"
"2019-10-12T02:35:40.461Z","-5.1453","152.6321","55.06","5.2","mb",,44,1056,"1.09","us","us70005tld","2019-10-12T02:51:12.040Z","87km SSW of Taron, Papua New Guinea","earthquake","7.9","7.4","0.08",51,"reviewed","us","us"
"2019-10-12T01:29:55.393Z","60.6266","-139.7486",0,"2.9","ml",,,,"0.91","ak","ak019d3cxoed","2019-10-12T01:37:17.505Z","120km N of Yakutat, Alaska","earthquake",,"0.2",,,"automatic","ak","ak"
"2019-10-12T01:07:07.150Z","-7.1412","129.3565","156.74","4.7","mb",,79,2099,"0.9","us","us70005tl5","2019-10-12T01:30:06.040Z","234km WNW of Saumlaki, Indonesia","earthquake","6.9","8.2","0.11",25,"reviewed","us","us"
"2019-10-11T22:43:19.471Z","37.6858","20.8899","8.2","4.5","mwr",,71,967,"0.96","us","us70005tkd","2019-10-13T18:58:48.228Z","6km SE of Lithakia, Greece","earthquake","5.9","4.5",63,24,"reviewed","us","us"
"2019-10-11T22:41:06.320Z","60.3043","-152.0375","81.8","2.8","ml",,,,"0.75","ak","ak019d21ywbi","2019-10-11T22:45:53.389Z","41km W of Cohoe, Alaska","earthquake",,"0.7",,,"automatic","ak","ak"
"2019-10-11T22:17:28.036Z","61.4063","-149.9634","19.1","2.5","ml",,,,"0.65","ak","ak019d21tsxc","2019-10-11T22:56:44.040Z","12km S of Big Lake, Alaska","earthquake",,"0.4",,,"automatic","ak","ak"
"2019-10-11T20:44:34.040Z","19.1253","-67.1028",33,"3.02","md",7,333,"0.8532","0.29","pr","pr2019284011","2019-10-12T00:37:47.107Z","69km N of Isabela, Puerto Rico","earthquake","2.69","19.78","0.06",4,"reviewed","pr","pr"
"2019-10-11T19:59:33.485Z","37.3983","-117.2466","6.5","2.8","ml",44,"51.94",99,"0.1666","nn","nn00707043","2019-10-12T15:59:36.040Z","34km S of Goldfield, Nevada","earthquake",,"1.4","0.3",25,"reviewed","nn","nn"
"2019-10-11T19:51:12.950Z","33.3218333","-116.4203333","5.89","2.56","ml",76,27,"0.05356","0.22","ci","ci39125760","2019-10-12T05:56:42.264Z","8km NNW of Borrego Springs, CA","earthquake","0.2","0.69",297,27,"automatic","ci","ci"
"2019-10-11T19:07:39.640Z","35.5775","-117.4045","7.86","2.8","ml",34,102,"0.04788","0.14","ci","ci39125680","2019-10-11T19:11:31.328Z","21km S of Trona, CA","earthquake","0.24","0.55",153,25,"automatic","ci","ci"
"2019-10-11T18:52:40.380Z","-18.6449","-172.5914",10,"5.2","mww",,81,2559,"0.97","us","us70005ti3","2019-10-12T15:03:16.040Z","146km E of Neiafu, Tonga","earthquake","7.4","1.8",89,12,"reviewed","us","us"
"2019-10-11T18:31:16.900Z","19.1806","-67.1323",65,"2.98","md",5,254,"0.9157","0.66","pr","pr2019284010","2019-10-11T20:13:54.408Z","76km N of Isabela, Puerto Rico","earthquake","6.35","16.39","0.15",2,"reviewed","pr","pr"
"2019-10-11T17:51:53.070Z","18.8878","-67.1855",123,"3.29","md",7,217,"0.6921","0.18","pr","pr2019284009","2019-10-11T20:13:10.800Z","44km NNW of San Antonio, Puerto Rico","earthquake","2.72","2.61","0.15",2,"reviewed","pr","pr"
"2019-10-11T17:23:03.975Z","-24.2442","-66.9727","173.92","4.7","mwr",,76,1696,"0.92","us","us70005thk","2019-10-12T14:39:35.040Z","66km W of San Antonio de los Cobres, Argentina","earthquake","8.5","6.7",,,"reviewed","us","guc"
"2019-10-11T16:16:39.430Z","19.0371","-67.1441",96,"3.09","md",6,229,793,"0.56","pr","pr2019284008","2019-10-11T20:12:41.352Z","60km NNW of Isabela, Puerto Rico","earthquake","5.35","7.55","0.09",2,"reviewed","pr","pr"
"2019-10-11T15:49:52.935Z","59.0194","-152.8977",61,"2.6","ml",,,,"0.64","ak","ak019d1xuof9","2019-10-12T03:28:34.979Z","103km SW of Homer, Alaska","earthquake",,"0.7",,,"automatic","ak","ak"
"2019-10-11T15:18:37.736Z","-31.5874","179.7132","404.25","4.3","mb",,138,3098,"0.79","us","us70005ter","2019-10-11T16:22:37.040Z","132km W of L'Esperance Rock, New Zealand","earthquake","13.6","8.9",134,16,"reviewed","us","us"
"2019-10-11T15:03:29.420Z","19.4588333","-155.5853333","-1.65","2.71","ml",45,46,"0.008691","0.13","hv","hv71177266","2019-10-11T18:50:56.110Z","28km E of Honaunau-Napoopoo, Hawaii","earthquake","0.27","0.24",199,44,"reviewed","hv","hv"
"2019-10-11T15:01:50.086Z","-4.6882","125.3281","485.95","4.7","mb",,55,4431,"0.86","us","us70005tdr","2019-10-11T15:15:03.040Z","165km SW of Leksula, Indonesia","earthquake","12.6","11.6",113,24,"reviewed","us","us"
"2019-10-11T14:47:04.270Z","19.3086667","-154.8883333","40.43","3.26","ml",71,240,149,"0.12","hv","hv71177246","2019-10-11T22:08:04.480Z","17km S of Leilani Estates, Hawaii","earthquake","0.48","0.39",129,43,"reviewed","hv","hv"
"2019-10-11T13:39:33.210Z","33.77","-115.9621667","2.45","2.67","ml",68,60,"0.1169","0.17","ci","ci39125088","2019-10-11T23:42:46.236Z","22km NE of Thermal, CA","earthquake","0.13","0.31","0.13",110,"reviewed","ci","ci"
"2019-10-11T12:01:48.359Z","59.2241",-151517,"38.9","2.7","ml",,,,"0.67","ak","ak019d1vs2ya","2019-10-11T19:35:04.139Z","46km S of Homer, Alaska","earthquake",,"0.5",,,"reviewed","ak","ak"
"2019-10-11T10:59:48.252Z","-2.5477","-77.0031",119,"4.3","mb",,81,2253,"0.68","us","us70005tcw","2019-10-11T11:18:16.040Z","126km ESE of Macas, Ecuador","earthquake","5.3","9.4",93,33,"reviewed","us","us"
"2019-10-11T10:36:28.690Z","19.0271","-67.2008",8,"2.91","md",9,316,"0.5667","0.22","pr","pr2019284007","2019-10-11T12:54:13.662Z","60km N of San Antonio, Puerto Rico","earthquake","1.27","1.13","0.35",9,"reviewed","pr","pr"
"2019-10-11T09:19:34.691Z","28.3237","54.5351",10,"4.2","mb",,86,3681,"0.93","us","us70005tcd","2019-10-11T10:21:20.040Z","47km S of Darab, Iran","earthquake","6.4",2,101,27,"reviewed","us","us"
"2019-10-11T08:47:20.470Z","19.1005",-67202,7,"3.12","md",12,285,"0.6395","0.37","pr","pr2019284005","2019-10-12T05:10:51.040Z","75km N of Isabela, Puerto Rico","earthquake","4.13","4.22","0.25",11,"reviewed","pr","pr"
"2019-10-11T07:48:33.014Z","55.9586","162.8894","27.78","4.9","mb",,110,3841,"0.97","us","us70005tc2","2019-10-11T08:04:48.040Z","39km SE of Ust'-Kamchatsk Staryy, Russia","earthquake","10.1","6.2",78,51,"reviewed","us","us"
"2019-10-11T06:42:51.860Z","19.1665","-67.3193",12,"2.97","md",8,322,"0.7293","0.25","pr","pr2019284003","2019-10-11T08:32:58.395Z","78km NNW of San Antonio, Puerto Rico","earthquake","10.86","15.39","0.19",8,"reviewed","pr","pr"
"2019-10-11T06:11:50.096Z","-30.5839","-72.2018",10,"4.3","mb",,132,496,"0.5","us","us70005tbi","2019-10-12T05:04:51.040Z","96km W of Ovalle, Chile","earthquake","5.6","1.9",218,6,"reviewed","us","us"
"2019-10-11T05:39:59.650Z","37.5644989","-118.6711655","8.78","2.65","md",26,114,128,"0.03","nc","nc73289885","2019-10-12T02:07:21.276Z","1km ENE of Toms Place, CA","earthquake","0.47","1.16","0.24",30,"automatic","nc","nc"
"2019-10-11T03:45:49.215Z","68.5444","-147.4419","0.9","2.6","ml",,,,"0.81","ak","ak019d1qom1e","2019-10-11T19:24:51.451Z","87km NW of Arctic Village, Alaska","earthquake",,"0.4",,,"reviewed","ak","ak"
"2019-10-11T03:45:46.510Z","18.3731",-64344,128,"4.14","md",27,181,"1.3097","0.79","pr","pr2019284000","2019-10-11T17:00:39.867Z","41km SE of Road Town, British Virgin Islands","earthquake","6.46","3.43","0.29",19,"reviewed","pr","pr"
"2019-10-11T03:04:33.730Z",19318,"-67.4368",17,"3.13","md",7,340,"0.9106","0.29","pr","pr2019284001","2019-10-11T20:36:05.040Z","88km NNW of San Antonio, Puerto Rico","earthquake","11.16","22.65","0.16",7,"reviewed","pr","pr"
"2019-10-11T02:55:41.375Z",-29222,"-71.8549","19.95","4.9","mb",,98,877,"1.01","us","us70005tad","2019-10-11T03:40:45.299Z","95km NNW of Coquimbo, Chile","earthquake",6,"2.9",71,63,"reviewed","us","us"
"2019-10-11T01:55:07.163Z","6.7121","125.0271",10,"5.1","mb",,59,653,"0.94","us","us70005ta8","2019-10-11T02:14:31.842Z","10km E of Columbio, Philippines","earthquake",7,"1.9",58,96,"reviewed","us","us"
"2019-10-11T01:39:24.897Z","51.3171","-178.1977",35,"4.2","mb",,195,843,"1.07","us","us70005ta5","2019-10-11T18:57:44.059Z","63km S of Tanaga Volcano, Alaska","earthquake","7.8",2,88,36,"reviewed","us","us"
"2019-10-11T01:36:31.313Z","31.2545","-109.0973",5,"3.5","ml",,72,198,"0.67","us","us70005ta3","2019-10-12T01:37:24.436Z","43km ESE of Douglas, Arizona","earthquake","4.7","1.6",53,46,"reviewed","us","us"
"2019-10-11T01:10:52.822Z","31.2627",-109086,5,"3.9","ml",,72,1287,"0.65","us","us70005t9y","2019-10-14T21:31:42.979Z","44km ESE of Douglas, Arizona","earthquake","3.4",2,52,49,"reviewed","us","us"
"2019-10-10T23:55:59.348Z","39.4291","25.6607",10,"4.2","mb",,33,1483,"0.88","us","us70005t9m","2019-10-12T05:51:37.833Z","37km NW of Eresos, Greece","earthquake",5,"1.5",136,15,"reviewed","us","us"
"2019-10-10T23:38:58.052Z","44.3208","-110.8815","3.38","2.5","ml",,51,74,"0.52","us","us70005thz","2019-10-12T21:29:50.040Z","16km SSW of Old Faithful Geyser, Wyoming","earthquake","0.6","3.1",302,5,"reviewed","us","uu"
"2019-10-10T23:30:35.858Z","62.5757","-151.1911","85.6","3.4","ml",,,,"0.64","ak","ak019d0eyoxt","2019-10-12T21:39:29.040Z","62km WNW of Talkeetna, Alaska","earthquake",,"0.4",,,"reviewed","ak","ak"
"2019-10-10T22:54:23.050Z","19.6271","-64.5485",11,"3.19","md",11,237,"2.0233","0.22","pr","pr2019283015","2019-10-11T01:03:35.040Z","121km N of Road Town, British Virgin Islands","earthquake","3.42","3.94","0.3",9,"reviewed","pr","pr"
"2019-10-10T22:35:11.391Z","-4.4607",147533,10,"4.5","mb",,64,2407,"0.63","us","us70005t9b","2019-10-13T01:14:36.040Z","210km ENE of Madang, Papua New Guinea","earthquake","7.8","1.9",97,31,"reviewed","us","us"
"2019-10-10T22:11:14.489Z","16.1772","-96.5215",35,"4.7","mb",,94,2394,"0.8","us","us70005t90","2019-10-11T04:01:13.567Z","19km SSE of Miahuatlan de Porfirio Diaz, Mexico","earthquake","7.2","1.9",29,373,"reviewed","us","us"
"2019-10-10T22:05:35.106Z","12.9376","-89.8814",35,"4.4","mb",,141,1538,"1.13","us","us70005t8w","2019-10-11T03:52:16.040Z","72km S of Acajutla, El Salvador","earthquake","6.7",2,68,62,"reviewed","us","us"
"2019-10-10T21:37:28.971Z","67.9793","-166.2258",0,"2.5","ml",,,,"0.86","ak","ak019d0dtbfy","2019-10-11T04:20:34.040Z","46km SSE of Point Hope, Alaska","earthquake",,"0.5",,,"automatic","ak","ak"
"2019-10-10T21:26:26.700Z","-46.9218","-10.3997",10,"5.2","mb",,72,"18.05","0.62","us","us70005t81","2019-10-11T04:19:02.040Z","Southern Mid-Atlantic Ridge","earthquake","11.7","1.8",54,113,"reviewed","us","us"
"2019-10-10T19:20:40.010Z","19.0328","-68.4795",32,"2.94","md",13,177,"0.7539","0.56","pr","pr2019283012","2019-10-10T20:34:04.040Z","64km NNE of Otra Banda, Dominican Republic","earthquake","2.81","10.1","0.58",8,"reviewed","pr","pr"
"2019-10-10T19:16:41.492Z","43.3837","-128.0255",10,"3.2","ml",,286,"2.75","0.65","us","us70005t5t","2019-10-10T21:19:53.575Z","295km W of Bandon, Oregon","earthquake",12,2,51,50,"reviewed","us","us"
"2019-10-10T19:10:16.110Z","19.2666","-67.3573",42,"3.23","md",10,306,"0.8361","0.34","pr","pr2019283014","2019-10-13T19:50:25.040Z","82km N of San Antonio, Puerto Rico","earthquake","2.89","10.23","0.05",6,"reviewed","pr","pr"
"2019-10-10T19:08:28.474Z","7.1383","-77.1092","35.8","4.5","mb",,100,3369,"0.78","us","us70005t5l","2019-10-11T04:05:44.394Z","33km S of Riosucio, Colombia","earthquake","5.1","10.1",131,17,"reviewed","us","us"
"2019-10-10T18:32:14.421Z",-35235,"-179.3542",10,"4.8","mb",,192,2992,"0.9","us","us70005t5n","2019-10-10T22:42:46.332Z","East of the North Island of New Zealand","earthquake","4.7","1.9",128,19,"reviewed","us","us"
"2019-10-10T17:58:35.530Z","19.1375","-67.0721",82,"3.02","md",4,334,"0.9618","0.28","pr","pr2019283013","2019-10-10T20:25:31.040Z","84km N of Isabela, Puerto Rico","earthquake","6.97","11.34","0.02",3,"reviewed","pr","pr"
"2019-10-10T17:26:42.163Z","-16.0937","-73.3867","61.95","4.5","mb",,130,4025,"0.72","us","us70005t3y","2019-10-10T22:22:57.040Z","92km NW of Camana, Peru","earthquake","9.5","7.9","0.09",36,"reviewed","us","us"
"2019-10-10T17:15:03.473Z","53.9236","-165.1031","66.91","2.9","ml",,208,397,"0.32","us","us70005t5x","2019-10-10T20:20:01.040Z","49km ESE of Akutan, Alaska","earthquake","8.5","13.8",128,8,"reviewed","us","us"
"2019-10-10T16:52:03.266Z",40722,"29.2217",10,"4.3","mb",,55,1262,"0.71","us","us70005t3c","2019-10-11T17:18:31.053Z","8km NNW of Yalova, Turkey","earthquake","3.5","1.9",306,3,"reviewed","us","us"
"2019-10-10T16:43:30.700Z",-18613,"168.4118","42.21","4.5","mb",,143,3353,"0.77","us","us70005t3s","2019-10-11T16:33:05.040Z","97km S of Port-Vila, Vanuatu","earthquake","10.1","3.3",99,32,"reviewed","us","us"
"2019-10-10T14:16:40.095Z",-6845,"129.5696","146.94","5.1","mb",,51,2053,"1.08","us","us70005t0t","2019-10-10T14:29:48.040Z","228km WNW of Saumlaki, Indonesia","earthquake","7.6","6.6",125,21,"reviewed","us","us"
"2019-10-10T12:55:08.960Z","19.29",-67269,26,"3.11","md",8,305,"0.8375","0.36","pr","pr2019283011","2019-10-10T17:21:49.908Z","90km NNW of San Antonio, Puerto Rico","earthquake","1.99","23.23","0.07",7,"reviewed","pr","pr"
"2019-10-10T12:28:52.450Z","19.3171","-67.4375",46,"2.99","md",5,328,"0.9101","0.26","pr","pr2019283010","2019-10-10T17:21:16.836Z","98km NNW of San Antonio, Puerto Rico","earthquake","2.36","8.85","0.07",4,"reviewed","pr","pr"
"2019-10-10T11:16:21.250Z","19.1888","-67.4406",19,"2.95","md",5,325,"1.0865","0.2","pr","pr2019283009","2019-10-10T17:20:43.452Z","85km NNW of San Antonio, Puerto Rico","earthquake","7.53","15.24","0.1",5,"reviewed","pr","pr"
"2019-10-10T09:13:40.840Z",19124,-67177,40,3,"md",14,228,"0.6598","0.63","pr","pr2019283005","2019-10-10T09:51:16.833Z","70km NNW of Isabela, Puerto Rico","earthquake","3.48","12.07","0.43",11,"reviewed","pr","pr"
"2019-10-10T09:06:26.188Z","54.9976","-160.5651","38.3","3.1","ml",,,,"0.58","ak","ak019d06hgku","2019-10-10T19:06:07.449Z","37km S of Sand Point, Alaska","earthquake",,"0.8",,,"reviewed","ak","ak"
"2019-10-10T07:01:45.672Z","62.8983","-143.61","17.9",4,"ml",,,,"0.82","ak","ak019d059k9u","2019-10-12T15:24:39.040Z","52km SSW of Tok, Alaska","earthquake",,"0.1",,,"reviewed","ak","ak"
"2019-10-10T04:39:48.226Z","-3.6504","128.2157","54.43",5,"mb",,55,4091,"1.2","us","us70005swb","2019-10-10T14:45:32.708Z","4km WSW of Passo, Indonesia","earthquake","6.9","6.9",75,57,"reviewed","us","us"
"2019-10-10T03:42:20.310Z","19.2006","-67.2791",8,"2.95","md",3,357,"1.0429","0.26","pr","pr2019283002","2019-10-10T06:16:46.672Z","80km NNW of San Antonio, Puerto Rico","earthquake","16.95","18.95","0.25",3,"reviewed","pr","pr"
"2019-10-10T03:23:02.234Z","9.6959","-84.6631","20.19","4.5","mb",,155,623,"0.82","us","us70005svm","2019-10-10T03:46:15.040Z","9km NNW of Jaco, Costa Rica","earthquake","5.6","7.5",87,39,"reviewed","us","us"
"2019-10-10T03:18:04.738Z","-57.9728","157.4102",10,"5.4","mb",,114,"13.11","1.04","us","us70005svg","2019-10-11T21:41:04.040Z","Macquarie Island region","earthquake","4.7",2,105,31,"reviewed","us","us"
"2019-10-10T02:50:26.670Z","19.0708","-67.1503",6,"2.62","md",11,309,"0.6046","0.27","pr","pr2019283001","2019-10-10T04:17:11.331Z","64km NNW of Isabela, Puerto Rico","earthquake","3.16","3.09","0.14",11,"reviewed","pr","pr"
"2019-10-10T02:46:51.262Z","11.3412","-86.6642","39.8","4.6","mb",,182,"0.86","0.96","us","us70005sv9","2019-10-10T03:16:35.057Z","51km SSW of Masachapa, Nicaragua","earthquake","6.3","15.5",48,130,"reviewed","us","us"
"2019-10-10T02:29:51.047Z","65.5576","-165.0649","13.2","2.8","ml",,,,"0.7","ak","ak019d02gems","2019-10-10T18:32:17.968Z","90km SSE of Shishmaref, Alaska","earthquake",,"0.4",,,"reviewed","ak","ak"
"2019-10-10T01:55:01.074Z",51265,"-178.3184","25.8","3.5","ml",,,,"0.33","ak","ak019d020fxz","2019-10-10T18:17:03.990Z","55km E of Amatignak Island, Alaska","earthquake",,"3.1",,,"reviewed","ak","ak"
"2019-10-10T01:32:30.830Z","56.4239","-148.8094","7.2","3.1","ml",,,,"0.68","ak","ak019d01vkl7","2019-10-10T18:11:11.794Z","265km ESE of Kodiak, Alaska","earthquake",,"8.9",,,"reviewed","ak","ak"
"2019-10-10T01:15:01.050Z","68.9949","-147.7776","4.4","3.4","ml",,,,"0.79","ak","ak019d01rv3s","2019-10-10T01:27:19.357Z","133km NW of Arctic Village, Alaska","earthquake",,"0.8",,,"automatic","ak","ak"
"2019-10-10T00:04:01.090Z","19.3003",-67445,18,"2.79","md",17,304,"0.8972","0.27","pr","pr2019283000","2019-10-10T04:14:42.794Z","80km NNW of San Antonio, Puerto Rico","earthquake","6.21","12.5","0.12",15,"reviewed","pr","pr"
"2019-10-09T23:32:20.700Z",19204,"-67.26",36,"2.98","md",4,336,"0.9955","0.25","pr","pr2019282017","2019-10-10T04:16:15.747Z","80km NNW of San Antonio, Puerto Rico","earthquake","3.09","16.74","0.08",4,"reviewed","pr","pr"
"2019-10-09T22:13:04.126Z","52.4339","-168.9337","211.4","2.8","ml",,,,"0.66","ak","ak019cyqq8pu","2019-10-09T23:20:07.342Z","56km S of Nikolski, Alaska","earthquake",,"4.4",,,"reviewed","ak","ak"
"2019-10-09T22:13:03.679Z","53.4426","-170.1568","215.81","3.4","ml",,160,639,"0.54","us","us70005stk","2019-10-12T22:04:18.040Z","97km NNE of Yunaska Island, Alaska","earthquake","7.2",20,91,16,"reviewed","us","us"
"2019-10-09T21:26:09.009Z","-15.3018",-172828,10,"5.1","mb",,77,1717,"1.63","us","us70005ssi","2019-10-09T22:21:01.040Z","122km NE of Hihifo, Tonga","earthquake","7.2","1.4",68,70,"reviewed","us","us"
"2019-10-09T21:16:28.116Z","-35.1791","-179.1443",10,"4.4","mb",,177,3144,"0.91","us","us70005srj","2019-10-09T21:47:50.793Z","East of the North Island of New Zealand","earthquake","5.7",2,149,13,"reviewed","us","us"
"2019-10-09T20:31:24.080Z","18.7673","-67.5298",10,"2.91","md",6,307,"0.3862","0.39","pr","pr2019282016","2019-10-09T21:00:11.170Z","54km NW of Aguadilla, Puerto Rico","earthquake","2.46","31.61","0.06",6,"reviewed","pr","pr"
"2019-10-09T20:22:51.744Z","-35.1493","-179.3012",10,"5.5","mww",,61,3086,"1.35","us","us70005sqk","2019-10-10T20:24:51.286Z","East of the North Island of New Zealand","earthquake","8.1","1.8",71,19,"reviewed","us","us"
"2019-10-09T20:09:06.580Z",35659,"-117.5543333","6.05","2.62","ml",37,42,"0.03879","0.21","ci","ci39122472","2019-10-10T18:07:34.362Z","12km ENE of Ridgecrest, CA","earthquake","0.27","0.73",185,25,"automatic","ci","ci"
"2019-10-09T17:50:59.600Z","19.0356","-67.1601",71,"2.76","md",3,245,"0.7997","0.59","pr","pr2019282015","2019-10-09T20:14:12.623Z","60km NNW of Isabela, Puerto Rico","earthquake","5.64","11.99","0.09",3,"reviewed","pr","pr"
"2019-10-09T17:26:52.380Z","18.4635","-67.6478",81,"2.77","md",7,326,"0.1863","0.31","pr","pr2019282013","2019-10-09T20:23:10.040Z","47km WNW of Rincon, Puerto Rico","earthquake","3.54","1.84","0.14",6,"reviewed","pr","pr"
"2019-10-09T17:18:34.855Z","42.6716","137.2932","287.54","4.1","mb",,51,3391,"1.15","us","us70005snf","2019-10-09T20:04:20.040Z","201km SE of Ol'ga, Russia","earthquake","8.9","10.1",91,33,"reviewed","us","us"
"2019-10-09T17:16:55.894Z","61.5504","-146.4599",15,"2.8","ml",,,,"0.64","ak","ak019cynrs8t","2019-10-09T21:15:15.759Z","45km N of Valdez, Alaska","earthquake",,"0.9",,,"reviewed","ak","ak"
"2019-10-09T12:56:15.850Z","18.5758","-66.3558",103,"2.89","md",14,233,"0.3811","0.38","pr","pr2019282012","2019-10-09T18:37:20.660Z","12km N of Brenas, Puerto Rico","earthquake","2.81","1.57","0.37",11,"reviewed","pr","pr"
"2019-10-09T12:52:45.969Z","69.5621","-144.8454",3,"2.5","ml",,,,"0.78","ak","ak019cyl0bas","2019-10-09T13:12:12.040Z","79km SW of Kaktovik, Alaska","earthquake",,"0.3",,,"automatic","ak","ak"
"2019-10-09T12:19:49.920Z","39.2599","-116.3923",0,"2.7","ml",10,"108.4",747,"0.1458","nn","nn00706830","2019-10-09T16:34:33.130Z","46km SW of Eureka, Nevada","earthquake",,0,"0.22",4,"reviewed","nn","nn"
"2019-10-09T11:52:13.090Z","19.1206","-64.5071",139,"3.35","md",6,342,"1.7731","0.45","pr","pr2019282011","2019-10-09T17:28:23.496Z","78km N of Road Town, British Virgin Islands","earthquake","9.68","9.54","0.44",6,"reviewed","pr","pr"
"2019-10-09T11:28:43.650Z","33.0165","-116.3586667","7.72","2.54","ml",102,46,"0.07726","0.22","ci","ci39121520","2019-10-09T16:32:09.400Z","24km ESE of Julian, CA","earthquake","0.13","0.66",127,105,"reviewed","ci","ci"
"2019-10-09T11:28:10.360Z","19.0823","-67.0655",49,"2.81","md",8,233,"0.6165","0.66","pr","pr2019282010","2019-10-09T17:09:56.320Z","64km N of Isabela, Puerto Rico","earthquake","3.83","13.06","0.16",8,"reviewed","pr","pr"
"2019-10-09T10:49:14.095Z","15.4161","-94.3073",35,4,"mb",,188,2259,"0.75","us","us70005sij","2019-10-09T11:22:28.040Z","83km SW of Paredon, Mexico","earthquake","8.6",2,"0.1",27,"reviewed","us","us"
"2019-10-09T10:44:35.945Z",36502,"70.6407","202.22",5,"mww",,45,"1.31","1.1","us","us70005sii","2019-10-14T05:26:38.271Z","43km SSW of Jarm, Afghanistan","earthquake","6.1","5.3","0.08",15,"reviewed","us","us"
"2019-10-09T10:00:11.265Z","-17.7625","-178.7008","563.28","4.6","mb",,73,3093,"0.9","us","us70005sid","2019-10-09T10:17:54.040Z","252km SE of Lambasa, Fiji","earthquake","12.8","9.2",76,52,"reviewed","us","us"
"2019-10-09T09:25:35.913Z","68.8326","-146.2523","14.3","2.5","ml",,,,"1.18","ak","ak019cyj27au","2019-10-09T09:46:45.040Z","83km NNW of Arctic Village, Alaska","earthquake",,"0.8",,,"automatic","ak","ak"
"2019-10-09T09:15:16.640Z","37.3818333","-121.7328333","9.27","3.25","mw",145,33,"0.03006","0.07","nc","nc73289220","2019-10-14T12:56:49.370Z","8km ENE of Alum Rock, CA","earthquake","0.08","0.22",,5,"reviewed","nc","nc"
"2019-10-09T08:51:25.475Z","30.0451","138.9888","418.78","4.6","mb",,91,"3.14","0.73","us","us70005shn","2019-10-09T09:07:15.040Z","Izu Islands, Japan region","earthquake","9.7","3.9","0.04",183,"reviewed","us","us"
"2019-10-09T08:17:23.684Z","36.6157","71.2223","92.41","4.6","mb",,94,977,"0.8","us","us70005shd","2019-10-09T08:34:58.040Z","28km WSW of Ashkasham, Afghanistan","earthquake","7.4","8.5",158,12,"reviewed","us","us"
"2019-10-09T08:03:47.762Z","68.5877","-147.4132","1.5","2.5","ml",,,,"0.74","ak","ak019cyic2y4","2019-10-09T20:16:29.383Z","92km NW of Arctic Village, Alaska","earthquake",,"0.5",,,"reviewed","ak","ak"
"2019-10-09T07:57:40.603Z","20.3849","121.6278",10,"4.7","mb",,105,3008,"0.58","us","us70005shb","2019-10-09T08:28:09.040Z","26km WNW of Sabtang, Philippines","earthquake","9.1","1.9",91,37,"reviewed","us","us"
"2019-10-09T07:57:36.350Z","37.6408348","-118.9518356","5.31","2.57","md",23,66,"0.0245","0.04","nc","nc73289200","2019-10-09T09:56:56.595Z","2km E of Mammoth Lakes, CA","earthquake","0.27","0.49","0.24",22,"automatic","nc","nc"
"2019-10-09T07:48:16.073Z","35.6846","139.6024","20.14","3.4","ml",,153,1415,"0.95","us","us70005shf","2019-10-09T14:10:50.646Z","3km E of Mitaka-shi, Japan","earthquake","4.3","16.8",97,14,"reviewed","us","us"
"2019-10-09T06:35:00.134Z","71.1695","-135.6272",65,"2.7","ml",,,,"0.66","ak","ak019cyhc1lb","2019-10-09T20:05:25.932Z","214km NNW of Tuktoyaktuk, Canada","earthquake",,"2.2",,,"reviewed","ak","ak"
"2019-10-09T06:13:31.980Z","19.2581","-67.3576",52,"3.05","md",9,325,"0.8281","0.4","pr","pr2019282006","2019-10-09T08:47:25.890Z","89km NNW of San Antonio, Puerto Rico","earthquake","3.11","9.93","0.23",9,"reviewed","pr","pr"
"2019-10-09T05:49:51.598Z","-0.8727","148.4459",10,"4.7","mb",,103,1586,"0.78","us","us70005sgg","2019-10-09T06:33:17.040Z","182km NE of Lorengau, Papua New Guinea","earthquake","9.9","1.9",102,29,"reviewed","us","us"
"2019-10-09T05:44:46.324Z","-57.9316","-139.1829",10,"5.5","mww",,148,26755,"0.48","us","us70005sih","2019-10-10T05:46:57.954Z","Pacific-Antarctic Ridge","earthquake","7.1","1.9",75,17,"reviewed","us","us"
"2019-10-09T04:37:52.040Z","19.2358","-67.1813",7,"2.9","md",10,234,"0.7715","0.49","pr","pr2019282007","2019-10-09T09:08:31.395Z","82km N of San Antonio, Puerto Rico","earthquake","3.51","3.3","0.25",7,"reviewed","pr","pr"
"2019-10-09T04:31:02.460Z","19.3321","-67.3876",25,"2.84","md",14,303,"0.9077","0.34","pr","pr2019282005","2019-10-09T08:46:45.322Z","97km NNW of San Antonio, Puerto Rico","earthquake","1.64","23.95","0.32",12,"reviewed","pr","pr"
"2019-10-09T04:29:50.552Z","59.7093","-153.1693","103.5","3.5","ml",,,,"0.54","ak","ak019cyg3x93","2019-10-09T19:34:37.848Z","75km W of Anchor Point, Alaska","earthquake",,"0.3",,,"reviewed","ak","ak"
"2019-10-09T04:21:43.100Z","19.1826","-67.2863",24,"3.06","md",15,294,"0.7362","0.38","pr","pr2019282004","2019-10-09T08:45:41.171Z","78km NNW of San Antonio, Puerto Rico","earthquake","1.72","25.46","0.29",13,"reviewed","pr","pr"
"2019-10-09T03:14:02.298Z","6.8078","-72.9584","155.51","4.3","mb",,79,917,"0.46","us","us70005sf9","2019-10-09T03:45:30.040Z","12km W of San Andres, Colombia","earthquake","6.9","8.6",237,5,"reviewed","us","us"
"2019-10-09T03:06:29.555Z","40.6899",52024,10,"4.6","mb",,60,5585,"1.07","us","us70005sf8","2019-10-10T04:27:38.575Z","108km NW of Turkmenbasy, Turkmenistan","earthquake","6.2","1.9",76,52,"reviewed","us","us"
"2019-10-09T02:28:15.723Z","68.7231",-146437,"2.2","2.8","ml",,,,"0.69","ak","ak019cyewrpx","2019-10-09T18:28:38.440Z","76km NNW of Arctic Village, Alaska","earthquake",,"0.4",,,"reviewed","ak","ak"
"2019-10-09T02:01:20.180Z","19.3101","-67.2311",24,"3.02","md",17,297,"0.8511","0.33","pr","pr2019282003","2019-10-09T06:10:37.124Z","91km N of San Antonio, Puerto Rico","earthquake","1.43","22.85","0.39",11,"reviewed","pr","pr"
"2019-10-09T00:29:13.722Z","63.4583","-151.1952","3.8","2.6","ml",,,,"1.01","ak","ak019cydq40q","2019-10-09T01:27:39.040Z","112km W of Cantwell, Alaska","earthquake",,"0.4",,,"automatic","ak","ak"
"2019-10-09T00:28:22.240Z",19212,"-67.1708",46,"2.79","md",12,233,"0.7469","0.69","pr","pr2019282002","2019-10-09T06:09:37.388Z","80km N of Isabela, Puerto Rico","earthquake","4.43","13.86","0.31",7,"reviewed","pr","pr"
"2019-10-09T00:06:13.720Z",19414,"-67.4688",28,"2.73","md",11,314,"1.0117","0.39","pr","pr2019282001","2019-10-09T06:08:39.780Z","109km NNW of San Antonio, Puerto Rico","earthquake","2.36","25.55","0.36",10,"reviewed","pr","pr"
"2019-10-09T00:00:04.560Z","19.3253","-67.3825",43,"2.92","md",17,303,"0.8997","0.54","pr","pr2019282000","2019-10-09T01:17:28.040Z","78km N of Isabela, Puerto Rico","earthquake","3.54","15.31","0.27",16,"reviewed","pr","pr"
"2019-10-08T23:58:47.740Z","33.8758333","-119.3525",0,"2.5","ml",20,135,"0.3235","0.27","ci","ci39120656","2019-10-09T15:16:48.215Z","23km SE of Santa Cruz Is. (E end), CA","earthquake","0.51","1.54",172,61,"reviewed","ci","ci"
"2019-10-08T23:42:48.930Z","19.2721","-67.1656",34,"2.5","md",5,324,"1.0128","0.14","pr","pr2019281034","2019-10-09T06:07:56.708Z","86km N of Isabela, Puerto Rico","earthquake","1.44","11.9","0.36",4,"reviewed","pr","pr"
"2019-10-08T23:26:22.030Z","19.3135","-67.3358",43,"3.32","md",17,300,"0.8753","0.47","pr","pr2019281029","2019-10-09T01:00:49.040Z","79km NNW of Isabela, Puerto Rico","earthquake","2.96","12.68","0.35",14,"reviewed","pr","pr"
"2019-10-08T22:31:23.540Z","35.9695","-117.6873333","2.02","2.57","ml",32,47,"0.03692","0.19","ci","ci39120480","2019-10-08T22:35:21.167Z","20km E of Little Lake, CA","earthquake","0.23","0.31",179,26,"automatic","ci","ci"
"2019-10-08T22:27:15.659Z","68.7685","-146.2215",0,"2.6","ml",,,,"0.81","ak","ak019cx39vn9","2019-10-09T00:52:28.040Z","76km NNW of Arctic Village, Alaska","earthquake",,"0.3",,,"automatic","ak","ak"
"2019-10-08T22:23:15.640Z","19.2548","-67.2725",37,"3.34","md",18,296,"0.8037","0.46","pr","pr2019281025","2019-10-09T00:38:01.040Z","81km N of San Antonio, Puerto Rico","earthquake","2.84","13.26","0.05",11,"reviewed","pr","pr"
"2019-10-08T21:49:22.494Z","42.9297","78.7513","13.36","4.4","mb",,73,501,"1.07","us","us70005sbz","2019-10-09T19:38:39.538Z","38km NE of Tyup, Kyrgyzstan","earthquake","4.3","5.1",117,21,"reviewed","us","us"
"2019-10-08T21:26:52.165Z","55.7602","-158.1068","52.1","2.7","ml",,,,"0.53","ak","ak019cx2ob3x","2019-10-08T22:53:19.040Z","68km SE of Chignik Lake, Alaska","earthquake",,"1.5",,,"automatic","ak","ak"
"2019-10-08T21:20:59.510Z",19235,"-67.4255",46,"3.03","md",8,325,"0.8294","0.27","pr","pr2019281033","2019-10-09T00:12:15.614Z","89km NNW of San Antonio, Puerto Rico","earthquake","2.17","9.52","0.15",8,"reviewed","pr","pr"
"2019-10-08T20:24:07.306Z",36124,"14.3153",10,"3.3","ml",,117,332,"0.66","us","us70005sc2","2019-10-11T15:51:04.008Z","9km N of Nadur, Malta","earthquake","2.8",2,97,14,"reviewed","us","us"
"2019-10-08T20:18:13.080Z","35.6763333","-117.5513333","2.7","2.73","ml",41,38,"0.05608","0.21","ci","ci39120144","2019-10-09T01:58:39.516Z","13km ENE of Ridgecrest, CA","earthquake","0.24","0.48",105,25,"automatic","ci","ci"
"2019-10-08T20:09:50.540Z","18.8813","-67.08",11,"2.84","md",4,327,"0.6262","0.21","pr","pr2019281031","2019-10-08T23:53:21.280Z","42km N of Isabela, Puerto Rico","earthquake","3.23","4.51","0.06",4,"reviewed","pr","pr"
"2019-10-08T19:58:33.790Z",19286,"-67.2801",31,"3.18","md",7,325,"0.8358","0.22","pr","pr2019281032","2019-10-10T20:56:39.040Z","70km NNW of Isabela, Puerto Rico","earthquake","1.73","15.08","0.14",6,"reviewed","pr","pr"
"2019-10-08T19:58:30.719Z","35.7371","140.1132","71.32","4.5","mb",,135,1737,"0.65","us","us70005sbf","2019-10-12T12:40:50.796Z","8km SSE of Shiroi, Japan","earthquake","7.1","7.8","0.08",46,"reviewed","us","us"
"2019-10-08T19:55:01.570Z","19.2125",-67196,10,"2.82","md",4,336,"0.7498","0.32","pr","pr2019281030","2019-10-10T20:35:08.040Z","100km N of San Antonio, Puerto Rico","earthquake","3.9","31.61","0.1",4,"reviewed","pr","pr"
"2019-10-08T19:51:19.670Z","19.2441","-67.2991",10,"3.06","md",9,324,799,"0.26","pr","pr2019281028","2019-10-10T20:20:40.040Z","87km N of San Antonio, Puerto Rico","earthquake","1.54","31.61","0.06",7,"reviewed","pr","pr"
"2019-10-08T19:47:35.759Z","36.03116667","-98.08733333","6.2","3.01","ml",98,33,0,"0.14","ok","ok2019ttca","2019-10-10T19:35:54.040Z","19km WSW of Hennessey, Oklahoma","earthquake",,"0.3","0.26",39,"reviewed","ok","ok"
"2019-10-08T19:12:03.170Z","19.1763","-67.3313",10,3,"md",10,323,"0.7422","0.35","pr","pr2019281027","2019-10-10T19:25:57.040Z","90km NNW of Isabela, Puerto Rico","earthquake","1.98","31.61","0.22",9,"reviewed","pr","pr"
"2019-10-08T19:10:45.210Z","36.02933333","-98.08866667","5.84","3.03","ml",88,35,0,"0.15","ok","ok2019ttav","2019-10-09T22:01:56.040Z","19km WSW of Hennessey, Oklahoma","earthquake",,"0.3","0.25",34,"reviewed","ok","ok"
"2019-10-08T19:05:58.910Z",18793,"-67.1673",16,"2.72","md",7,306,"0.3303","0.27","pr","pr2019281026","2019-10-09T00:10:24.277Z","34km NNW of San Antonio, Puerto Rico","earthquake","1.42","1.77","0.08",7,"reviewed","pr","pr"
"2019-10-08T18:58:34.989Z","52.5688","159.5044","56.94","4.6","mb",,110,"0.69","0.82","us","us70005s8f","2019-10-09T21:32:07.040Z","78km SE of Petropavlovsk-Kamchatskiy, Russia","earthquake","8.2","6.4",69,65,"reviewed","us","us"
"2019-10-08T18:44:26.850Z","19.2236",-67176,10,"2.57","md",16,234,"0.7589","0.47","pr","pr2019281024","2019-10-09T21:10:08.040Z","50km NNW of San Antonio, Puerto Rico","earthquake","1.84","31.61","0.42",15,"reviewed","pr","pr"
"2019-10-08T18:18:02.450Z","19.2411","-67.4361",10,"3.97","md",19,302,"0.8391","0.42","pr","pr2019281023","2019-10-09T18:49:18.040Z","56km NNW of San Antonio, Puerto Rico","earthquake","1.59","31.61","0.13",12,"reviewed","pr","pr"
"2019-10-08T14:31:57.900Z","31.2788333","-115.5378333","13.46","3.59","ml",6,187,"0.2387","0.09","ci","ci39119384","2019-10-09T13:58:28.229Z","109km ESE of Maneadero, B.C., MX","earthquake","0.87","0.96",227,85,"reviewed","ci","ci"
"2019-10-08T14:25:50.912Z","14.0015","144.6026","182.85","4.6","mb",,77,484,"0.67","us","us70005rxr","2019-10-08T15:12:37.040Z","59km NNW of Dededo Village, Guam","earthquake","10.3","2.9","0.05",118,"reviewed","us","us"
"2019-10-08T14:04:09.104Z","-27.2091","-71.0432","57.38","4.2","mb",,187,"0.63","0.56","us","us70005rxg","2019-10-08T14:25:29.040Z","72km WNW of Copiapo, Chile","earthquake","6.8","9.7",374,2,"reviewed","us","us"
"2019-10-08T13:51:48.780Z","19.2501","-67.0021",31,"3.07","md",5,336,"0.9368","0.23","pr","pr2019281022","2019-10-08T21:15:13.040Z","67km N of Isabela, Puerto Rico","earthquake","2.43","15.78","0.02",4,"reviewed","pr","pr"
"2019-10-08T13:10:53.780Z","36.6386681","-121.2594986","9.85","2.94","md",51,66,"0.05234","0.09","nc","nc73288720","2019-10-09T09:40:53.693Z","16km NW of Pinnacles, CA","earthquake","0.17","0.54","0.17",70,"automatic","nc","nc"
"2019-10-08T13:05:17.430Z","18.8745","-155.2608333","16.11","3.99","ml",70,256,,"0.13","hv","hv71171736","2019-10-10T16:50:35.700Z","39km SE of Pahala, Hawaii","earthquake","1.17","6.52",208,51,"reviewed","hv","hv"
"2019-10-08T12:55:27.790Z","19.2628","-67.3561",14,"3.23","md",10,306,"0.8322","0.32","pr","pr2019281021","2019-10-08T18:57:55.503Z","89km NNW of San Antonio, Puerto Rico","earthquake","8.32","15.95","0.22",8,"reviewed","pr","pr"
"2019-10-08T12:45:37.261Z","-10.3417","161.4781","53.19",5,"mb",,30,1754,"0.72","us","us70005rx7","2019-10-08T13:36:48.040Z","50km WNW of Kirakira, Solomon Islands","earthquake","4.8","6.8",38,219,"reviewed","us","us"
"2019-10-08T12:29:18.390Z","19.1601","-67.2095",25,"3.06","md",9,296,"0.6995","0.18","pr","pr2019281020","2019-10-08T18:57:19.928Z","74km N of San Antonio, Puerto Rico","earthquake","1.04","12.36","0.16",8,"reviewed","pr","pr"
"2019-10-08T11:41:49.200Z","19.1911","-67.2638",8,"2.92","md",21,213,"0.7395","0.43","pr","pr2019281017","2019-10-08T13:00:05.369Z","79km NNW of San Antonio, Puerto Rico","earthquake","1.53","31.61","0.19",19,"reviewed","pr","pr"
"2019-10-08T11:03:38.780Z","19.2398","-67.0468",45,"3.09","md",5,335,"0.9399","0.22","pr","pr2019281018","2019-10-08T18:55:42.248Z","81km N of Isabela, Puerto Rico","earthquake","2.65","10.52","0.05",4,"reviewed","pr","pr"
"2019-10-08T10:50:47.100Z",19305,"-67.0318",63,"3.07","md",5,336,"0.9977","0.32","pr","pr2019281016","2019-10-08T12:08:37.486Z","89km N of Isabela, Puerto Rico","earthquake","4.82","11.62","0.04",4,"reviewed","pr","pr"
"2019-10-08T10:48:29.548Z","38.4938","73.1947","127.98","4.3","mb",,78,1466,"0.69","us","us70005rws","2019-10-08T11:21:27.040Z","64km SSW of Karakul, Tajikistan","earthquake","6.9","10.6",238,5,"reviewed","us","us"
"2019-10-08T10:38:17.700Z","19.02","-67.1961",14,"2.95","md",8,320,559,"0.38","pr","pr2019281015","2019-10-08T11:54:24.910Z","59km N of San Antonio, Puerto Rico","earthquake","1.96","2.79","0.05",5,"reviewed","pr","pr"
"2019-10-08T09:17:22.874Z","62.8614","-143.6047","3.3","2.7","ml",,,,"0.88","ak","ak019cwvh45n","2019-10-08T09:30:37.214Z","61km SSW of Tok, Alaska","earthquake",,"0.4",,,"automatic","ak","ak"
"2019-10-08T08:55:13.834Z","60.0822",-151519,"63.2","2.5","ml",,,,"0.58","ak","ak019cwv3t2g","2019-10-08T11:14:13.040Z","34km SSW of Cohoe, Alaska","earthquake",,"0.7",,,"automatic","ak","ak"
"2019-10-08T08:08:44.100Z","18.5418","-67.0073",82,"2.59","md",12,218,"0.1277","0.32","pr","pr2019281013","2019-10-08T13:35:07.040Z","12km NNE of Isabela, Puerto Rico","earthquake","2.02","1.49","0.25",11,"reviewed","pr","pr"
"2019-10-08T07:44:40.382Z","33.9922","72.5671",10,"3.9","mb",,162,676,"1.04","us","us70005rvq","2019-10-08T21:05:40.556Z","10km SSW of Topi, Pakistan","earthquake","5.9",2,296,3,"reviewed","us","us"
"2019-10-08T07:13:41.900Z","19.1786",-67151,19,"2.75","md",10,318,"0.7122","0.27","pr","pr2019281012","2019-10-08T13:04:06.040Z","81km N of Isabela, Puerto Rico","earthquake","8.87","17.41","0.34",10,"reviewed","pr","pr"
"2019-10-08T06:47:38.532Z","62.2292","-142.0482",0,"2.7","ml",,,,"1.08","ak","ak019cwtv9uq","2019-10-08T06:55:06.565Z","132km SSE of Tok, Alaska","earthquake",,"0.7",,,"automatic","ak","ak"
"2019-10-08T06:27:51.820Z","41.1503333","-123.3376667","39.85","2.68","md",27,68,"0.1551","0.16","nc","nc71111179","2019-10-10T04:45:05.236Z","28km SSE of Somes Bar, CA","earthquake","0.37","0.42",214,34,"reviewed","nc","nc"
"2019-10-08T06:18:04.056Z",-18083,"-69.4218","134.69","4.9","mb",,111,263,"1.41","us","us70005rv1","2019-10-08T12:25:37.319Z","19km NE of Putre, Chile","earthquake","7.1","5.6",51,123,"reviewed","us","us"
"2019-10-08T05:09:08.152Z","-61.0738","-53.8817",10,"4.9","mb",,83,2562,"1.28","us","us70005run","2019-10-08T05:30:26.040Z","South Shetland Islands","earthquake","7.7","1.9",82,47,"reviewed","us","us"
"2019-10-08T04:56:35.280Z","18.9933",-67199,6,"2.83","md",15,212,"0.5331","0.5","pr","pr2019281010","2019-10-08T09:27:59.848Z","56km N of San Antonio, Puerto Rico","earthquake","2.06","2.76","0.3",9,"reviewed","pr","pr"
"2019-10-08T04:48:48.450Z",19223,"-67.3135",25,"2.82","md",9,324,"0.7821","0.42","pr","pr2019281008","2019-10-08T08:45:46.558Z","84km NNW of San Antonio, Puerto Rico","earthquake","2.65","25.67","0.2",9,"reviewed","pr","pr"
"2019-10-08T04:46:09.913Z",44542,"138.3824","268.36","4.3","mb",,63,"3.05","0.88","us","us70005rug","2019-10-08T05:01:53.040Z","151km ESE of Terney, Russia","earthquake",10,"7.7",64,69,"reviewed","us","us"
"2019-10-08T04:43:51.661Z","54.3311","-35.1641",10,"4.6","mb",,92,"14.7","1.14","us","us70005rus","2019-10-08T05:26:04.040Z","Reykjanes Ridge","earthquake","11.1","1.9",62,77,"reviewed","us","us"
"2019-10-08T03:48:11.650Z","19.2123","-67.2573",25,"2.76","md",14,293,759,"0.45","pr","pr2019281006","2019-10-08T08:44:55.942Z","81km NNW of San Antonio, Puerto Rico","earthquake","1.92","27.97","0.28",12,"reviewed","pr","pr"
"2019-10-08T02:01:38.407Z","68.9113",-147672,0,"2.5","ml",,,,"0.76","ak","ak019cwr7olp","2019-10-08T02:06:34.511Z","123km NW of Arctic Village, Alaska","earthquake",,"0.7",,,"automatic","ak","ak"
"2019-10-08T00:08:03.080Z","19.2705","-67.2813",10,"3.15","md",17,296,"0.8208","0.56","pr","pr2019281000","2019-10-08T00:42:14.040Z","79km N of Isabela, Puerto Rico","earthquake","2.12","31.61","0.29",14,"reviewed","pr","pr"
